{"objects":[{"type":5,"trafo":{"_left":[-1.5236592292785645,-1.2113564014434815],"_right":[0.8548896312713623,-0.6498422622680664]}},{"type":0,"trafo":{"_left":[-1.719242811203003,1.2365931272506714],"_right":[-1.1955835819244385,0.1261829137802124]}}]}